target_day,corr_long,corr_short,threshold_pct_l,threshold_pct_s,min_pred_l,min_pred_s
dag_41,0.2535,0.2721,94.0,94.0,0.002123,0.002201
dag_42,0.2195,0.2562,94.0,94.0,0.002223,0.002197
dag_43,0.2011,0.2801,94.0,94.0,0.002139,0.00232
dag_44,0.208,0.2655,94.0,94.0,0.002136,0.002336
dag_45,0.1933,0.2386,94.0,94.0,0.002107,0.002409
dag_46,0.1901,0.2329,94.0,94.0,0.002076,0.002417
dag_47,0.1794,0.257,94.0,94.0,0.002136,0.0025
dag_48,0.2097,0.2379,94.0,94.0,0.002074,0.002446
