target_day,corr_l,corr_s,pct_l,pct_s,min_p_l,min_p_s,conflicts
dag_41,0.2535,0.2721,96.5,96.5,0.002515,0.002675,0
dag_42,0.2195,0.2562,96.5,96.5,0.002348,0.002845,0
dag_43,0.2011,0.2801,96.5,96.5,0.002294,0.002836,0
dag_44,0.208,0.2655,96.5,96.5,0.00224,0.002724,0
dag_45,0.1933,0.2386,98.0,96.5,0.002241,0.002638,0
dag_46,0.1901,0.2329,98.0,96.5,0.002246,0.002974,0
dag_47,0.1794,0.257,98.0,96.5,0.002367,0.003051,0
dag_48,0.2097,0.2379,96.5,96.5,0.002198,0.002912,0
