target_day,corr_l,corr_s,min_p_l,min_p_s,conflicts,status
dag_41,0.2535,0.2721,0.002438,0.002643,0,Blocked
dag_42,0.2195,0.2562,0.002307,0.002791,0,Blocked
dag_43,0.2011,0.2801,0.002277,0.002728,0,Blocked
dag_44,0.208,0.2655,0.002211,0.002604,0,Blocked
dag_45,0.1933,0.2386,0.002125,0.002567,0,Blocked
dag_46,0.1901,0.2329,0.002157,0.002852,0,Blocked
dag_47,0.1794,0.257,0.0022,0.002856,0,Blocked
dag_48,0.2097,0.2379,0.002132,0.002774,0,Blocked
